{
  "swagger" : "2.0",
  "paths" : {
    "/chord" : {
      "get" : {
        "responses" : {
          "200" : {
            "description" : ""
          }
        },
        "produces" : [ "application/xml" ],
        "consumes" : [ "application/json" ],
        "parameters" : [ {
          "name" : "chord",
          "in" : "query",
          "required" : false,
          "type" : "string",
          "description" : "chord"
        } ],
        "summary" : "chord",
        "x-auth-type" : "Application & Application User",
        "x-throttling-tier" : "Unlimited"
      }
    }
  },
  "info" : {
    "title" : "chords",
    "version" : "1.0.0"
  }
}